var,mut_type,resnum,mutAA,lqt1,unaff,total_carriers,natAA,weight,penetrance_lqt1,lqt1_penetranceBayesian_initial,lqt1_penetranceBayesian,pph2_prob,blast_pssm,provean_score,revel_score,cardiacboost,hm_peak,hm_Vhalfact,hm_deltak,hm_tauact,hm_taudeact,ht_peak,ht_Vhalfact,ht_deltak,ht_tauact,ht_taudeact,lqt1_dist,lqt1_dist_weight,p_mean_w,prior_mean_w,prior_mean,alpha,beta,wtAA,VARITY_R,VARITY_R_LOO,VARITY_ER,VARITY_ER_LOO,trans_score,adj_traff,diff
G643S,missense,643,S,3,1556,1559,G,0.999358567,0.00192431,0.002646823,0.002646823,0,1,0.76,0.566,NA,0.35,1.1,0,1,0.72,0.71,0,0,1,0.76,0.018827915,0.149036254,0.00254964,0.100079568,0.277435889,2.774358892,7.225641108,G,0.032,0.027,0.037,0.032,0.980466287,0.019533713,-9.72E-05
P408A,missense,408,A,0,460,460,P,0.997826134,5.00E-04,0.002449851,0.002449851,0.012,0,-1.43,0.438,NA,NA,NA,NA,NA,NA,NA,NA,NA,NA,NA,0.236059715,0.105376462,0.001591581,0.074817318,0.085463278,0.854632781,9.145367219,P,0.048,0.05,0.055,0.061,1.233784011,0.001,-0.00085827
P448R,missense,448,R,12,2083,2095,P,0.999522675,0.005727924,0.006260903,0.006260903,0,3,-1.15,0.594,NA,1.2,0,0,NA,NA,1.1,0,0,NA,NA,0.066265723,2.188967095,0.00617183,0.099220938,0.143610187,1.436101868,8.563898132,P,0.035,0.066,0.095,0.091,0.937113532,0.062886468,-8.91E-05
V648I,missense,648,I,7,493,500,V,0.99800004,0.014,0.016179367,0.016179367,0.001,1,0,0.335,NA,NA,NA,NA,NA,NA,NA,NA,NA,NA,NA,0.00262526,0.311531661,0.015729906,0.102237944,0.062320796,0.623207955,9.376792045,V,0.02,0.023,0.021,0.018,1.060629503,0.001,-0.000449461
